1,9.552475247524752,0.72753124999999996,0.25493736291304231,0.42398681154288353,1.3485084134191274,0.42398681154288353,3.1547032191138715
2,10.49452736318408,0.71243749999999995,0.22588309548795224,0.42923442891240121,1.3705420882403851,0.42923442891240121,3.0619912208416502
3,10.072978303747535,0.71793750000000001,0.23581593360751868,0.42425869366526603,1.3274223293624818,0.42425869366526603,3.0089753144774587
4,10.300893743793447,0.71556249999999999,0.22930954849720001,0.42035923682153226,1.3393814018722623,0.42035923682153226,2.9779607374891639
5,9.421626984126984,0.73309374999999999,0.22143685010820627,0.41796015224605798,1.2555610620714723,0.41796015224605798,2.9025102660283442
6,10.171314741035857,0.71621875000000002,0.22530388427153231,0.42215786706656216,1.2960412186346948,0.42215786706656216,2.9263311979873103
7,9.875745526838966,0.72399999999999998,0.21732089977711438,0.40539593935012819,1.2432493177950383,0.40539593935012819,2.8667639750503002
8,10.242094861660078,0.71606250000000005,0.22814861391484736,0.41108806720376012,1.2820566286444663,0.41108806720376012,2.894035608990118
9,10.314427860696517,0.71284375,0.22004567839577793,0.40279799911379816,1.2773644717596471,0.40279799911379816,2.8611137719890101
10,10.190287413280476,0.71734374999999995,0.23306055349111557,0.40342799279652536,1.2505174301676452,0.40342799279652536,2.8609850240088996
11,10.491575817641229,0.71331250000000002,0.21949064402654767,0.39792577712982891,1.2569424036331476,0.39792577712982891,2.7854396604057401
12,10.549800796812749,0.71028124999999998,0.21891604933142661,0.39550406472571192,1.2497492935061454,0.39550406472571192,2.7869245549896728
13,10.294527363184079,0.71781249999999996,0.22635919713973998,0.38672919618955348,1.2217229365706443,0.38672919618955348,2.7961503059432142
14,10.41592039800995,0.71056249999999999,0.20816695990599693,0.39614194191247226,1.2404211384877561,0.39614194191247226,2.775594682600349
15,10.720398009950248,0.70618749999999997,0.22156519343331457,0.39301371390093121,1.2552217964753509,0.39301371390093121,2.8206048335647207
16,10.664349553128103,0.70590624999999996,0.21420503912866115,0.37855827212519944,1.2542023599296808,0.37855827212519944,2.7262803977690639
17,11.05378486055777,0.70359375000000002,0.21289866792783141,0.38782119335234166,1.2296998033113777,0.38782119335234166,2.6855641118511562
18,10.638805970149253,0.71015625000000004,0.21268151069805025,0.38039582905918362,1.1917914086002857,0.38039582905918362,2.6638103279704226
19,10.725373134328358,0.71284375,0.2163217072058469,0.36705611872673033,1.1843562264107168,0.36705611872673033,2.6879750429634006
20,10.820359281437126,0.70931250000000001,0.20717995170131326,0.37269594548642637,1.2229545475617052,0.37269594548642637,2.6987190249729904
21,10.839444995044598,0.70765624999999999,0.20668410319276154,0.37340046373754737,1.2156373993940652,0.37340046373754737,2.65261572581809
22,11.128358208955223,0.70768750000000002,0.21279022934287786,0.35988425752520559,1.1928993893526494,0.35988425752520559,2.6207301601418296
23,11.167330677290837,0.70162500000000005,0.21192787227220833,0.37785994095727804,1.2032268543764948,0.37785994095727804,2.6450269271666187
24,10.820359281437126,0.70968750000000003,0.20735266054421664,0.36011708731949327,1.1854562377091498,0.36011708731949327,2.5857759510967884
25,10.711155378486056,0.71021875000000001,0.19352959240972994,0.36139739257842302,1.1735397527366878,0.36139739257842302,2.5466888227388265
26,10.972194637537239,0.70853124999999995,0.1906923033092171,0.35463472466915846,1.1650483383126558,0.35463472466915846,2.4347711257012561
27,11.132470119521912,0.71018749999999997,0.20690709108859301,0.3467587886303663,1.1637209575828165,0.3467587886303663,2.5310414984906093
28,11.35223880597015,0.69937499999999997,0.20522543112002314,0.35802853292645886,1.1897700560968369,0.35802853292645886,2.5492244682037275
29,10.933531746031745,0.70787500000000003,0.19776232459023596,0.36021180672198533,1.1649696599994785,0.36021180672198533,2.522974242988508
30,11.108673978065802,0.70846874999999998,0.19964679336547853,0.35422852353658529,1.1709220972806216,0.35422852353658529,2.4960873648766428
31,10.84630738522954,0.71596875000000004,0.18971782312169672,0.34383517535030844,1.1144199360385536,0.34383517535030844,2.338641101228073
32,10.696039603960395,0.71518749999999998,0.19408975521661342,0.35256972727179525,1.1290217757900245,0.35256972727179525,2.4033195523549802
33,11.222772277227723,0.70878125000000003,0.19825652089901269,0.34242407028749583,1.1281094554439186,0.34242407028749583,2.4168469286402687
34,11.577534791252486,0.6993125,0.20154250547103583,0.35381601531803608,1.1763453879412265,0.35381601531803608,2.4704592406731098
35,11.247258225324028,0.70815625000000004,0.1913059803713113,0.34916370593197643,1.1474394318759442,0.34916370593197643,2.4022187444616576
36,11.171968190854871,0.71384375,0.1821832852102816,0.33911415388435123,1.111175385132432,0.33911415388435123,2.2699370763790796
37,10.927363184079603,0.71353124999999995,0.18976399444974959,0.33827127994596956,1.1015828327164054,0.33827127994596956,2.3039439943456093
38,11.054835493519441,0.71837499999999999,0.18940976297855378,0.33704195089265704,1.0968937645442784,0.33704195089265704,2.3072552183293737
39,10.872382851445662,0.71421875000000001,0.18724554037302732,0.33810128245130183,1.1007292982432992,0.33810128245130183,2.2937432208778339
40,11.306081754735793,0.71050000000000002,0.18840133883059024,0.33676187302917243,1.1028990990144667,0.33676187302917243,2.3165572649396493
41,11.143992055610726,0.71231250000000002,0.17299534823372961,0.33389876448363065,1.0924363971352578,0.33389876448363065,2.1448278142279014
42,11.034860557768924,0.71906250000000005,0.1888153960276395,0.33242117730155585,1.0643415652476251,0.33242117730155585,2.2190368735566737
43,11.002985074626865,0.71937499999999999,0.17881446366570891,0.32390158146619796,1.0763754042722284,0.32390158146619796,2.1703954075854273
44,11.030876494023904,0.71953124999999996,0.18244386383797973,0.32819998460263011,1.0609817943107336,0.32819998460263011,2.1946271435571836
45,11.488023952095809,0.71137499999999998,0.18638387151248753,0.33485896096844225,1.0959990338245407,0.33485896096844225,2.2432888483814892
46,10.671314741035857,0.72753124999999996,0.17648853653483093,0.32549818002618847,1.0322073837846983,0.32549818002618847,2.0768151622258593
47,11.272636815920398,0.71715625000000005,0.1726123949950561,0.3271870766505599,1.0755355888195335,0.3271870766505599,2.088232928560581
48,10.834496510468595,0.72684375000000001,0.17704656702280044,0.3285436286628246,1.0508727325554936,0.3285436286628246,2.1346007889155296
49,11.149551345962113,0.72315624999999994,0.17131614888459443,0.32580535833537577,1.0160627371966839,0.32580535833537577,2.0735466538155451
50,11.115653040877367,0.72559375000000004,0.16947686993330718,0.32581140042468903,1.0330789856789633,0.32581140042468903,2.0771110381605102
51,11.547808764940239,0.71924999999999994,0.1703764864653349,0.31624084836617111,1.0259753068871795,0.31624084836617111,2.0044010356389919
52,11.145563310069791,0.72424999999999995,0.17306232674978672,0.32364142330363393,1.0325778482360766,0.32364142330363393,2.0399093820322305
53,11.095332671300893,0.72381249999999997,0.16777410490158945,0.31727509401924908,1.0272295995075256,0.31727509401924908,1.9946551255916709
54,10.676616915422885,0.72803125000000002,0.16757836032286286,0.31943554601259527,1.0160210154731757,0.31943554601259527,2.045287671371363
55,11.126858275520318,0.71878125000000004,0.17012719610147178,0.32163238037750125,1.0396171227488666,0.32163238037750125,2.0433346830117514
56,11.017839444995044,0.72909374999999998,0.17079489158559591,0.31927276346832512,0.99001222633384167,0.31927276346832512,1.9457679415112361
57,11.173479561316052,0.72771874999999997,0.16125889959093184,0.30816984102409334,0.981072906004265,0.30816984102409334,1.9084349804194645
58,10.835820895522389,0.73221875000000003,0.15864345625787973,0.31715204891189935,0.98584900873899461,0.31715204891189935,1.9148041317770257
59,11.245264207377867,0.72646875,0.15903332319296898,0.31222664539702238,1.0038678863937966,0.31222664539702238,1.9233657022628468
60,11.196019900497513,0.72521875000000002,0.1602627256270498,0.3100639885738492,1.0058077314663678,0.3100639885738492,1.9280356415593995
61,10.680555555555555,0.74868749999999995,0.14786888939049095,0.3035682276375592,0.90950690249446775,0.3035682276375592,1.7634195791832172
62,11.303090727816551,0.74337500000000001,0.15266947699524464,0.29174855883978307,0.92082625999674206,0.29174855883978307,1.7287576257614419
63,11.19840478564307,0.73993750000000003,0.15012819732539356,0.30250672727450728,0.92358426243346181,0.30250672727450728,1.7422323147046845
64,11.4800796812749,0.74437500000000001,0.15113576391804964,0.29072174647450449,0.90605527675803754,0.29072174647450449,1.7005637604671064
65,11.261216350947159,0.74121875000000004,0.1459278080360964,0.29369650215515869,0.91056279675196861,0.29369650215515869,1.700638118092902
66,11.123505976095618,0.74196874999999995,0.14569759539794178,0.29738254460133612,0.89890184675343332,0.29738254460133612,1.6248991800157817
67,11.014940239043824,0.74665625000000002,0.14160497731715441,0.28670770793408157,0.9077534004505724,0.28670770793408157,1.6379713495302133
68,11.023880597014925,0.75071874999999999,0.13873822861909865,0.28354089575074615,0.89549654057901351,0.28354089575074615,1.6110979468760778
69,11.392821535393818,0.74956250000000002,0.14760406207852064,0.28768597397208212,0.88083738440042358,0.28768597397208212,1.6112327444399706
70,10.882352941176471,0.75346875000000002,0.14162259881105274,0.29268554345890879,0.86697993546538055,0.29268554345890879,1.5978552390318363
71,11.443781094527363,0.74709375,0.14239747875276954,0.29133794674579988,0.88734873452782626,0.29133794674579988,1.5626321144552202
72,10.83366533864542,0.75334374999999998,0.13667356805410236,0.28584611112251879,0.86973360011726619,0.28584611112251879,1.5405917682494037
73,10.89332003988036,0.75909375000000001,0.13819722627475858,0.27615114694833753,0.84318223420623695,0.27615114694833753,1.5205382531259093
74,10.939303482587064,0.75121875000000005,0.14145578485634178,0.2947336488850415,0.88034610472153874,0.2947336488850415,1.5756290156902395
75,11.353293413173652,0.74946875000000002,0.13658670930098743,0.28371288641262798,0.88073672577179973,0.28371288641262798,1.5438657850157469
76,10.709580838323353,0.75809375000000001,0.1275000553780701,0.29125200295913967,0.86533327864762399,0.29125200295913967,1.4985990914175056
77,11.323705179282868,0.75031250000000005,0.13667053628340364,0.28776655957754699,0.86817468756623561,0.28776655957754699,1.5153321465865592
78,10.934262948207172,0.75800000000000001,0.14106311285309495,0.2791944702081382,0.84570626985188568,0.2791944702081382,1.5111880539685079
79,11.058706467661692,0.75343749999999998,0.14073746137414128,0.28057104096189139,0.8500468793166801,0.28057104096189139,1.4964224302305373
80,10.946161515453639,0.75621875000000005,0.13692153884097935,0.28167867755610498,0.84688329045288269,0.28167867755610498,1.4884551244373432
81,11.012922465208748,0.75531250000000005,0.13175812838226555,0.28993296327814461,0.86069808108173307,0.28993296327814461,1.4739761029215297
82,10.754473161033797,0.76234374999999999,0.13222449981328099,0.27457791897747663,0.83874986100941895,0.27457791897747663,1.4401163483940764
83,11.266201395812562,0.75937500000000002,0.13511473319493233,0.2835937551185489,0.83629118677042424,0.2835937551185489,1.4575892367318737
84,10.596403596403597,0.76137500000000002,0.13411462406977079,0.28230631096288561,0.8375941940536723,0.28230631096288561,1.4720417816939297
85,11.235820895522387,0.75806249999999997,0.12902004721388222,0.28141273099556563,0.83286346059007332,0.28141273099556563,1.4415439607694134
86,10.754735792622133,0.76453125,0.13225778972764965,0.27872994307149201,0.82542186521925032,0.27872994307149201,1.4253596629358654
87,11.086395233366435,0.75865625000000003,0.13005608193017543,0.28332619546167553,0.83904843953438102,0.28332619546167553,1.4412051347678061
88,11.269192422731805,0.75803125000000005,0.12823428692203015,0.27696355693042279,0.83792907277261841,0.27696355693042279,1.4307874694057972
89,10.809381237524951,0.76815624999999998,0.13363981480384246,0.27971500690747053,0.79493722394155342,0.27971500690747053,1.4011160073875217
90,11.27744510978044,0.75206249999999997,0.12928878193302079,0.27807254020124672,0.85785367119032885,0.27807254020124672,1.4421584754971555
91,10.96318407960199,0.76331249999999995,0.13170649591274561,0.27189852068573239,0.81812984391162169,0.27189852068573239,1.3919266177011305
92,11.044820717131474,0.76093750000000004,0.12609770093136466,0.27817744318768384,0.82667026217654349,0.27817744318768384,1.4090018668940756
93,10.588235294117647,0.77393749999999994,0.12616989442566409,0.27425683905556797,0.79215653848135847,0.27425683905556797,1.363750543332193
94,10.925298804780876,0.76287499999999997,0.12687342643958982,0.27640448821336033,0.83083336526062335,0.27640448821336033,1.4013564600318786
95,11.338983050847459,0.76278124999999997,0.12371752559905871,0.27094166697748007,0.80686366594769066,0.27094166697748007,1.3705014317955357
96,10.77666999002991,0.77140624999999996,0.1301121497163549,0.27178353248070924,0.78643328565312554,0.27178353248070924,1.3490669311798411
97,10.295114656031904,0.77224999999999999,0.11800729499128647,0.26756846970133485,0.79550782093871386,0.26756846970133485,1.3281757550562614
98,11.244267198404785,0.76696874999999998,0.12684296991187147,0.27798936872603369,0.79772655237326395,0.27798936872603369,1.3702528627612047
99,11.192422731804585,0.76203125000000005,0.12315717504639179,0.27064192219451072,0.82107966743875294,0.27064192219451072,1.3694597984499706
100,11.071928071928072,0.76990625000000001,0.12666115562384947,0.27904213448055087,0.78537692727940156,0.27904213448055087,1.3557068737561349
101,10.818905472636816,0.76628125000000002,0.11588354837783846,0.27153309986740348,0.79663895720988509,0.27153309986740348,1.3189927982216176
102,10.954045954045954,0.77268749999999997,0.12362976747425274,0.2682995744533837,0.77726173728145664,0.2682995744533837,1.3186590762176493
103,10.950298210735587,0.76543749999999999,0.12445633827522397,0.27896624521166086,0.81209523282758889,0.27896624521166086,1.3668823385944124
104,10.965208747514911,0.77359374999999997,0.12106874966039323,0.27883946725074205,0.77569158918224279,0.27883946725074205,1.3264294032846231
105,10.810379241516966,0.77131249999999996,0.11982124089775607,0.26528750150837005,0.78724598005856383,0.26528750150837005,1.315846602331614
106,10.800598205383848,0.77053125,0.11967582341306843,0.26069339749217035,0.77755715156934457,0.26069339749217035,1.2896622962472322
107,10.46414342629482,0.77787499999999998,0.11218583061906975,0.27131222068518401,0.76495867972541598,0.27131222068518401,1.2845759106786572
108,11.104895104895105,0.77303124999999995,0.12154863524856045,0.26966031425260006,0.77585142936464402,0.26966031425260006,1.3138308334396278
109,10.884577114427861,0.77396874999999998,0.12092401290265843,0.27350857270322743,0.76399439088348298,0.27350857270322743,1.3002980755810276
110,10.825523429710868,0.77712499999999995,0.1198722268845886,0.26684645620919761,0.76055438689142463,0.26684645620919761,1.282689311582013
111,10.702891326021934,0.77803124999999995,0.1154521172659006,0.27081482679676266,0.75352779340138654,0.27081482679676266,1.2670603430439951
112,10.989021956087825,0.77309375000000002,0.11530369205283933,0.27313674381840974,0.76406177367549388,0.27313674381840974,1.2746528796305647
113,11.074775672981056,0.77478124999999998,0.11513564710784703,0.2667231140509248,0.76418683722382408,0.2667231140509248,1.2765385552390944
114,10.778330019880716,0.77300000000000002,0.12061455844994634,0.27020770403742789,0.77846290273591878,0.27020770403742789,1.3041767372527975
115,10.741516966067865,0.77437500000000004,0.11165628252760507,0.26878761859051881,0.75060645073885102,0.26878761859051881,1.2597134277028963
116,11.281718281718282,0.77549999999999997,0.11429131447902183,0.27077824735641481,0.74876138614118104,0.27077824735641481,1.2540377740977857
117,10.747765640516386,0.77440624999999996,0.11282666668109596,0.26618904090300205,0.77383808937133292,0.26618904090300205,1.2672098100165459
118,10.782306163021868,0.78174999999999994,0.1121794144352898,0.26546458562090991,0.73601473740406798,0.26546458562090991,1.2344497355579804
119,10.27944111776447,0.78825000000000001,0.11672959900833667,0.26578617920726538,0.71398463532608003,0.26578617920726538,1.2235385602454771
120,10.90727816550349,0.78134375,0.11628841946041212,0.26463443983346224,0.74627964279710435,0.26463443983346224,1.2531015213798384
121,10.787064676616916,0.78390625000000003,0.10643946758029051,0.26231970291957257,0.72745484988577669,0.26231970291957257,1.2068300567629922
122,10.936254980079681,0.78200000000000003,0.11024451477266849,0.26344652024842796,0.72466317869070918,0.26344652024842796,1.2124799358247982
123,10.917165668662674,0.77628125000000003,0.11409718278748915,0.26741138878464699,0.74137300648284143,0.26741138878464699,1.241698356202396
124,10.747756729810568,0.78321874999999996,0.11102427912666463,0.25771691884845493,0.73810258916532623,0.25771691884845493,1.2229424531423865
125,10.580099502487561,0.78290625000000003,0.10765444227114494,0.25959615085180848,0.73565446040779348,0.25959615085180848,1.2081734149406111
126,11.203389830508474,0.78206249999999999,0.10724781986465677,0.26742106162570417,0.72933370093081618,0.26742106162570417,1.2078713827670726
127,11.00999000999001,0.78187499999999999,0.10891596430515346,0.26064065617881715,0.72879871097393334,0.26064065617881715,1.2081197487957689
128,10.66033966033966,0.78703124999999996,0.11396146804420278,0.2696520240548998,0.72181167876906693,0.2696520240548998,1.2169878780152503
129,10.546626984126984,0.78349999999999997,0.10346181482245446,0.26160457392781972,0.72822156744357203,0.26160457392781972,1.2000793772207108
130,10.2375249500998,0.79265624999999995,0.10465156753780321,0.2508812524341047,0.68321973728062591,0.2508812524341047,1.1445567267976002
131,10.853293413173652,0.78978124999999999,0.10541762063624628,0.26018735736422238,0.68925246026983955,0.26018735736422238,1.1505583622451523
132,10.691235059760956,0.78812499999999996,0.10529131162632256,0.26627871713228524,0.70707858964594195,0.26627871713228524,1.1800401972977417
133,10.748502994011975,0.78943750000000001,0.10513075107685291,0.25859503910318016,0.71184480318520216,0.25859503910318016,1.1807299410130072
134,10.895626242544731,0.78737500000000005,0.1075607693263446,0.2650931203328073,0.72021309678768741,0.2650931203328073,1.1934753057504131
135,10.588822355289421,0.79531249999999998,0.10291957914299564,0.24566548300534488,0.68499505422590301,0.24566548300534488,1.1397368482271559
136,10.649700598802395,0.792875,0.098827996023464953,0.25980423716828227,0.68080590405012475,0.25980423716828227,1.1243051345212443
137,10.535393818544367,0.79315625000000001,0.10459227943503356,0.25947295890003441,0.69315203188732266,0.25947295890003441,1.1578585199908265
138,10.782652043868394,0.79778125,0.10363264886802062,0.25444705457054079,0.68584907411225138,0.25444705457054079,1.1458775959717387
139,10.885458167330677,0.7890625,0.10563740896049421,0.25985190181620421,0.70118017395585774,0.25985190181620421,1.163122618243011
140,11.088645418326694,0.793875,0.10267891194031108,0.26364041732251642,0.69757065187441181,0.26364041732251642,1.1579909381727338
141,10.325373134328359,0.79653125000000002,0.098418032320914783,0.25801939605921509,0.66900336383283143,0.25801939605921509,1.1157010614676692
142,10.51345962113659,0.80184374999999997,0.1016715908003971,0.24968914918508381,0.65825318753020834,0.24968914918508381,1.1001712853848293
143,10.740777666999003,0.80234375000000002,0.098758694763455418,0.25414837005734442,0.66660310146864499,0.25414837005734442,1.109673192199276
144,11.007976071784647,0.79328125000000005,0.10230902426654939,0.25977623014524581,0.67963802090357062,0.25977623014524581,1.1351450908195111
145,10.744510978043913,0.79403124999999997,0.096897496370584119,0.24690363074373453,0.67212255162652579,0.24690363074373453,1.1026079809115179
146,10.638085742771684,0.80112499999999998,0.097453757265171595,0.25288679524883628,0.65704287710320208,0.25288679524883628,1.0948731395371398
147,10.518962075848304,0.80206250000000001,0.096731578099774201,0.25622786043770612,0.65190920419525356,0.25622786043770612,1.0891590468808428
148,10.859421734795614,0.79653125000000002,0.10217735892778729,0.25261211691610513,0.68009101585182363,0.25261211691610513,1.1187677399434905
149,10.591633466135459,0.80465624999999996,0.094653849823633215,0.25033288959600031,0.6413189041628502,0.25033288959600031,1.0754748647671657
150,10.498507462686566,0.79821874999999998,0.096726838184869851,0.2519042120333761,0.66602143077933573,0.2519042120333761,1.0992606196024279
151,10.767465069860279,0.80553125000000003,0.094457185460254556,0.24206755583547054,0.63278380523150557,0.24206755583547054,1.0495828695682576
152,10.851445663010967,0.80274999999999996,0.09762857252405957,0.24802625031117351,0.64468820640792546,0.24802625031117351,1.0753618653102166
153,10.419322709163346,0.80600000000000005,0.092499091805362699,0.25170230480469763,0.64319879279565062,0.25170230480469763,1.0674377419222254
154,10.422155688622755,0.80437499999999995,0.093928651420508685,0.25811944458819924,0.65040429213689643,0.25811944458819924,1.0910566622163098
155,10.50499001996008,0.80537499999999995,0.095787350331433124,0.24630177998542785,0.6323055642207619,0.24630177998542785,1.057891217548371
156,10.938061938061939,0.80990625000000005,0.092347414590301921,0.24582900945283473,0.62410225339420144,0.24582900945283473,1.0410368061643387
157,10.701596806387226,0.80462500000000003,0.093695331819588321,0.24676556376926601,0.64178263257164503,0.24676556376926601,1.0638788095448399
158,10.395209580838323,0.80753125000000003,0.093889846245176156,0.24993298164755107,0.63756874808701836,0.24993298164755107,1.0662826949580413
159,10.412935323383085,0.80396875000000001,0.09123821637825677,0.24530505194701255,0.64946216244931565,0.24530505194701255,1.0584561635160026
160,10.667996011964108,0.80812499999999998,0.093351446779910474,0.24379133006557821,0.61813450620207,0.24379133006557821,1.0337796623429021
161,10.623130608175474,0.81415625000000003,0.088689714959611587,0.24335913163051009,0.60544882133894129,0.24335913163051009,1.0194215108036224
162,10.494516450648057,0.81456249999999997,0.087567666783928869,0.24167228307574987,0.60974711316311736,0.24167228307574987,1.0095686465856852
163,10.419,0.81456249999999997,0.093184400666272274,0.24364801790751517,0.60494021816714671,0.24364801790751517,1.0169133397008554
164,10.635094715852443,0.80403124999999998,0.09199235093947937,0.24858280161255972,0.63061191693413998,0.24858280161255972,1.0516802514417722
165,10.360557768924302,0.81534375000000003,0.087776940315088717,0.2365817831903696,0.60153096505929715,0.2365817831903696,0.99751123900018857
166,10.838323353293413,0.8183125,0.084674035036936407,0.24349148428079206,0.59122552021592856,0.24349148428079206,0.99266756191410233
167,10.470059880239521,0.8095,0.084784225288254675,0.24419082414917648,0.62281068988121113,0.24419082414917648,1.0213852941136283
168,10.568295114656031,0.81574999999999998,0.090380569118340651,0.24510528555978089,0.60664737384044565,0.24510528555978089,1.014409432582037
169,10.66865671641791,0.81756249999999997,0.08941437318455428,0.24391452657431364,0.58455648232041857,0.24391452657431364,0.99831625035594329
170,10.568295114656031,0.81284374999999998,0.091131666099553518,0.24890188983269035,0.60417563069099556,0.24890188983269035,1.0192899305255223
171,10.274451097804391,0.82550000000000001,0.083317156251830962,0.23647076417878271,0.56025754849355147,0.23647076417878271,0.94748170039791701
172,10.296111665004984,0.82537499999999997,0.08385637147305533,0.23322800719924272,0.5669196640630253,0.23322800719924272,0.95304180434829333
173,10.867397806580259,0.81206250000000002,0.087241245621349661,0.2467012894321233,0.60937732643447817,0.2467012894321233,1.0161485362703824
174,10.768231768231768,0.81653125000000004,0.084601899470202621,0.24372309719584881,0.5856412269378779,0.24372309719584881,0.98466079772556259
175,10.2898406374502,0.82396875000000003,0.08759637174759155,0.23916147382557393,0.56648294928437104,0.23916147382557393,0.96645611611038673
176,10.575848303393213,0.82287500000000002,0.086921694091754029,0.24110197857022286,0.57581886271154503,0.24110197857022286,0.97477322895178797
177,10.392215568862275,0.82559375000000002,0.080419726682594048,0.23629005729220809,0.56224631206109188,0.23629005729220809,0.9463577594266972
178,10.455633100697906,0.82106250000000003,0.084095008541048621,0.23854803688521498,0.57546700328786393,0.23854803688521498,0.96544677423174019
179,10.788634097706879,0.82503124999999999,0.085809932735948682,0.23892093001119794,0.56694732275116255,0.23892093001119794,0.96551831707855673
180,10.390049751243781,0.82890624999999996,0.080337644125742375,0.23701664827018976,0.55346968086576087,0.23701664827018976,0.93327128347531829
181,10.347,0.83256249999999998,0.081209524041740228,0.23309784318879248,0.5442374913168605,0.23309784318879248,0.92064144827082051
182,10.518481518481519,0.83274999999999999,0.076799323641869699,0.23286527499184012,0.53555297161173077,0.23286527499184012,0.90899457621625324
183,10.415169660678643,0.83015625000000004,0.080578677366194826,0.23682468292862177,0.55366511882934721,0.23682468292862177,0.93829506740349289
184,10.743793445878849,0.82668750000000002,0.083468010571436019,0.23747251817770301,0.55932411103788759,0.23747251817770301,0.9495667483140714
185,10.538461538461538,0.83118749999999997,0.085654568933205152,0.2288468339201063,0.54323663908628805,0.2288468339201063,0.92684405778563084
186,10.397602397602398,0.83278125000000003,0.078242517142090948,0.22498971857875585,0.53339327616710219,0.22498971857875585,0.90056492560607149
187,10.416167664670658,0.83725000000000005,0.077120566223020437,0.22613035106100143,0.52614876260387244,0.22613035106100143,0.89150166792984231
188,10.364811133200796,0.83218749999999997,0.079767195414868181,0.23419528596848249,0.53276880504749713,0.23419528596848249,0.91211955274708456
189,10.785214785214785,0.83303125,0.078946494289981267,0.23464174277149141,0.54010402630642051,0.23464174277149141,0.91926999621289907
190,10.409770687936192,0.829125,0.079875297068756484,0.23402216180041432,0.54466164657560878,0.23402216180041432,0.92611311849077904
191,10.464071856287426,0.82928124999999997,0.07690849069193792,0.23448230351135135,0.54625471384121915,0.23448230351135135,0.91504318951180175
192,10.479083665338646,0.83618749999999997,0.079991049979114909,0.23342704957351088,0.51403031470905991,0.23342704957351088,0.89344558578042776
193,10.268195413758724,0.83737499999999998,0.081238707921032299,0.22765410215593873,0.52213476020272354,0.22765410215593873,0.90271739187129529
194,10.460618145563311,0.8399375,0.072687314737384434,0.22628749809041621,0.50320347485970707,0.22628749809041621,0.85954754561570001
195,10.295114656031904,0.84181249999999996,0.073108579456631559,0.22501490663131699,0.50907186883222311,0.22501490663131699,0.86757068019680439
196,10.776447105788423,0.83699999999999997,0.07784946638023052,0.23157345432043075,0.52137661698879678,0.23157345432043075,0.89260273434559745
197,10.861415752741774,0.84009374999999997,0.074163728437211834,0.22920598487555982,0.49862523869556025,0.22920598487555982,0.86352941863334864
198,10.410358565737052,0.84199999999999997,0.076376170780800751,0.23182352029997855,0.50402162738479095,0.23182352029997855,0.87924219250134783
199,10.411764705882353,0.83981249999999996,0.075246405137004327,0.23129747810028495,0.51248864877782763,0.23129747810028495,0.87931257668291796
200,10.223776223776223,0.84312500000000001,0.07588884411286563,0.2280749975843355,0.50181567252194514,0.2280749975843355,0.86912333930566821
201,10.283864541832669,0.84881249999999997,0.07299972192535642,0.22361518041975798,0.47953463926943368,0.22361518041975798,0.84001580937302789
202,10.299502487562188,0.84243749999999995,0.072264444658648355,0.21985448908992111,0.49470942088635639,0.21985448908992111,0.85095861117652305
203,10.376,0.84487500000000004,0.072827441314992025,0.21808918090723456,0.48653529209957924,0.21808918090723456,0.83417852239077916
204,10.566,0.83899999999999997,0.073113608849002046,0.23093893642257898,0.50681861235550607,0.23093893642257898,0.86985529887262969
205,10.480039920159681,0.84562499999999996,0.073079799367958914,0.22287829694990069,0.48159191798424988,0.22287829694990069,0.84171631353951348
206,10.52390438247012,0.84368750000000003,0.070789840636045709,0.22368081426806749,0.49119881308532787,0.22368081426806749,0.84552349469503518
207,10.39121756487026,0.85393750000000002,0.072394760840485101,0.22769303236342966,0.45673932023276576,0.22769303236342966,0.81687698470646863
208,10.541,0.84650000000000003,0.07048792651606163,0.22379309221170843,0.48202911146782573,0.22379309221170843,0.83221377232553462
209,10.571856287425149,0.84456249999999999,0.072575448192132172,0.22665274538658559,0.49244286719104274,0.22665274538658559,0.84995404655986939
210,10.111665004985046,0.85037499999999999,0.068073332831321748,0.22114717245474458,0.47755857280106284,0.22114717245474458,0.82142088407419211
211,10.515968063872256,0.85965625000000001,0.068232679011067374,0.21751669996790587,0.44989157213480213,0.21751669996790587,0.79769034500117419
212,10.378243512974052,0.84924999999999995,0.072761506212627863,0.22297804159112275,0.46965346245095135,0.22297804159112275,0.83106484952416215
213,9.917248255234297,0.85334374999999996,0.069790990419476659,0.21768155050091445,0.45848703416669739,0.21768155050091445,0.80198575602904931
214,10.327345309381238,0.84846874999999999,0.069636899094656993,0.22028821638785304,0.47445957976742648,0.22028821638785304,0.82075544469535033
215,10.44810379241517,0.85215624999999995,0.069972092549269629,0.21586376737290994,0.45818942863703704,0.21586376737290994,0.80010278832369319
216,10.842157842157842,0.84978125000000004,0.068626736111291387,0.22595203882735224,0.47163767350485614,0.22595203882735224,0.82183525735047624
217,10.270189431704885,0.85765625000000001,0.066348401578317867,0.21160805949196221,0.44664381452831731,0.21160805949196221,0.78315296608986684
218,10.223107569721115,0.85815624999999995,0.066976244558289183,0.21427204871736466,0.44456542961695233,0.21427204871736466,0.78178623345342935
219,10.426147704590818,0.85606249999999995,0.068279617138497992,0.21628570178663359,0.45207696772995404,0.21628570178663359,0.79263005049544155
220,10.138722554890219,0.86171874999999998,0.066183048546809009,0.22193793035764248,0.43967629665008279,0.22193793035764248,0.78441885306756021
221,10.077689243027889,0.86168750000000005,0.067966130378528763,0.21292757465131582,0.43011873497784836,0.21292757465131582,0.76423360218196834
222,10.617764471057884,0.85675000000000001,0.065747537761402783,0.21628757562325335,0.45116831259196621,0.21628757562325335,0.7884381776593945
223,10.412587412587413,0.86256250000000001,0.064231153657766077,0.2127976746307686,0.42973155504232274,0.2127976746307686,0.75794783769287888
224,10.426294820717132,0.85756250000000001,0.068336663905443851,0.21582509398460389,0.44008658050291705,0.21582509398460389,0.78356801245899987
225,10.391434262948207,0.860375,0.064244071197928868,0.21306188512220978,0.42832422625052274,0.21306188512220978,0.76113873081325434
226,10.339303482587065,0.86624999999999996,0.06592770921369083,0.21213661566283554,0.41474796935766561,0.21213661566283554,0.75215030923282522
227,10.308691308691309,0.86087499999999995,0.063835435636384316,0.21234672557003795,0.43546550742018736,0.21234672557003795,0.76560853838360254
228,10.064870259481038,0.86706249999999996,0.063326253173698208,0.21251217321120203,0.41764481249963864,0.21251217321120203,0.74653003834281106
229,10.581256231306082,0.86087499999999995,0.065349622683774214,0.21523467522021383,0.43286126609967324,0.21523467522021383,0.76695304022364152
230,10.346959122632104,0.86431250000000004,0.063715746635876716,0.2077103231176734,0.4273221297026612,0.2077103231176734,0.74873235972791741
231,10.376869391824526,0.86899999999999999,0.062750113999456514,0.21118370626959951,0.4122944135295693,0.21118370626959951,0.73830901562249351
232,10.525,0.86396874999999995,0.061256550606980452,0.20878570096194743,0.42054081955287531,0.20878570096194743,0.74342784577567644
233,10.180278884462151,0.86487499999999995,0.064298705532215533,0.21334816933237016,0.41659527031006294,0.21334816933237016,0.75063723876507726
234,10.274725274725276,0.86653124999999998,0.064003525662431823,0.20840138469357045,0.41141357398289258,0.20840138469357045,0.73787374537213268
235,10.7898406374502,0.86299999999999999,0.064857456436147917,0.21072938882978634,0.42412146732921246,0.21072938882978634,0.7552073397881176
236,10.187624750499001,0.87287499999999996,0.058412023772383692,0.20034473959170282,0.39424965739517936,0.20034473959170282,0.70342770389358344
237,10.308691308691309,0.86796874999999996,0.060815006710996385,0.21098939061351121,0.41080200280979623,0.21098939061351121,0.73706541905268386
238,10.254220456802383,0.87334374999999997,0.06069213423959445,0.21022743576206268,0.39851135095214701,0.21022743576206268,0.71948238799843234
239,10.467532467532468,0.86612500000000003,0.064302103261179577,0.20959386214986445,0.41220963639905678,0.20959386214986445,0.74108216670633553
240,10.280876494023904,0.8711875,0.063011538774465775,0.20768923434615136,0.39264968554320512,0.20768923434615136,0.71521782269450296
241,10.562749003984063,0.87253124999999998,0.060602391948254078,0.20700956849195062,0.39628898070286961,0.20700956849195062,0.71858293224780934
242,10.873505976095618,0.86715624999999996,0.058694487470577955,0.21323632594570519,0.40644627836626024,0.21323632594570519,0.72993715854934749
243,9.60179640718563,0.87831250000000005,0.061355656296662349,0.20049565069563688,0.381770960300928,0.20049565069563688,0.69508993157689847
244,10.472527472527473,0.86806249999999996,0.061117052864821747,0.21270836914982647,0.4011666325565893,0.21270836914982647,0.72286287606974653
245,10.07569721115538,0.877,0.056107509844325248,0.19764783789217472,0.37686192523391221,0.19764783789217472,0.68182944085833153
246,10.597804391217565,0.87993750000000004,0.057337049986716009,0.19999879051651806,0.37274050695015465,0.19999879051651806,0.67937351555826164
247,10.183449651046859,0.87912500000000005,0.059327210737097631,0.19984792170114815,0.36634262239214876,0.19984792170114815,0.6810582256651605
248,10.134596211365903,0.87693750000000004,0.057853184359963054,0.20955768894031643,0.38214752643171235,0.20955768894031643,0.69841670989006532
249,10.475099601593625,0.87115624999999997,0.058365778485123886,0.20819049482466653,0.39679544019146124,0.20819049482466653,0.71195354379752829
250,10.127744510978044,0.87790625,0.060596517329183829,0.20581333876168356,0.38122354982350953,0.20581333876168356,0.69786027242617954
1,11.519441674975075,0.68578125000000001,0.22009191231429576,0.45540155469253657,1.4781032567396759,0.45540155469253657,3.0795715322513129
2,12.288557213930348,0.67137500000000006,0.18294020085595547,0.44814687201008202,1.4780250956639647,0.44814687201008202,2.9216845078021287
3,12.545454545454545,0.67043750000000002,0.18975474378466606,0.44841056168079374,1.4096157773844897,0.44841056168079374,2.8114618465784007
4,12.098802395209582,0.68353125000000003,0.18385063340328633,0.4449679591152817,1.354984993096441,0.4449679591152817,2.7684436499373986
5,12.410358565737052,0.68228124999999995,0.18951227823644876,0.43793247441248967,1.3162998222410678,0.43793247441248967,2.6678774578799493
6,12.55511420059583,0.67865624999999996,0.16286867414601147,0.44803688315874024,1.308346774244681,0.44803688315874024,2.543307688268964
7,13.037924151696608,0.68074999999999997,0.17436760418210179,0.43709121856791899,1.2725530769433826,0.43709121856791899,2.4840262597384863
8,12.881592039800996,0.68403124999999998,0.16404902692418546,0.43820249649137261,1.2666403302159159,0.43820249649137261,2.4603681302150942
9,13.178642714570858,0.68374999999999997,0.15769039713824168,0.44592413888871668,1.2220432900292799,0.44592413888871668,2.421120042896364
10,12.984047856430708,0.68200000000000005,0.15942985733784734,0.43839185108616946,1.2378035034704953,0.43839185108616946,2.4154542799876069
11,13.319402985074626,0.67906250000000001,0.14194044564431532,0.4349204949196428,1.2215748051442206,0.4349204949196428,2.2718126426176166
12,13.200799200799201,0.68906250000000002,0.15085462422110141,0.42129570367978886,1.1740963062681258,0.42129570367978886,2.2308776058875956
13,12.748251748251748,0.69650000000000001,0.1393414458767511,0.42947813770198262,1.1499812083570287,0.42947813770198262,2.2021215266513172
14,12.896311066799601,0.69796875000000003,0.13326893945038318,0.43217549878358841,1.1313516407106072,0.43217549878358841,2.1814367859326307
15,13.11864406779661,0.70481249999999995,0.1471858498598449,0.42198573615774515,1.1098614749759437,0.42198573615774515,2.1754618038712072
16,13.502497502497503,0.69615625000000003,0.12169603214319795,0.41430152397602799,1.1050935064069927,0.41430152397602799,2.0237843926455827
17,13.250497017892645,0.71081249999999996,0.12843260330427439,0.40249278006516398,1.0605512284524738,0.40249278006516398,2.0083274275350851
18,12.72754491017964,0.70978125000000003,0.12474806075403466,0.38459921979252248,1.05034786676988,0.38459921979252248,1.9834183355402202
19,13.172654690618762,0.70731250000000001,0.1294264770289883,0.38928797166619916,1.0626732649728656,0.38928797166619916,1.9630781321509858
20,13.136454183266933,0.71131250000000001,0.12800714946724476,0.37666516449768095,1.0371660784622654,0.37666516449768095,1.9379263535868376
21,13.43469591226321,0.71568750000000003,0.10659590731735807,0.36691886520775735,1.0052151460803289,0.36691886520775735,1.8294839345023792
22,13.489021956087825,0.71475,0.11568155549047515,0.36855804398236797,1.0032666358952411,0.36855804398236797,1.8284416189878248
23,13.214570858283434,0.72043749999999995,0.11598344005458057,0.36347608618205413,0.9922458553849719,0.36347608618205413,1.8360364827741866
24,12.82720953326713,0.72428124999999999,0.11325856822135393,0.36493728332780301,0.97010678053693844,0.36493728332780301,1.8040240324666956
25,13.497,0.72303125000000001,0.11673030826356262,0.36216834265738723,0.96976149722747507,0.36216834265738723,1.8072126494457479
26,13.539381854436689,0.72509374999999998,0.10214691847003997,0.34548276361543684,0.92968551664613186,0.34548276361543684,1.6718622390669768
27,13.364179104477612,0.73275000000000001,0.099261478881700893,0.34632595339789984,0.91205629278463307,0.34632595339789984,1.6625992936120602
28,13.437686939182452,0.72765625,0.10580291041196324,0.34615110425092283,0.92001183273084464,0.34615110425092283,1.666209439360304
29,13.247,0.73840625000000004,0.10484989816229791,0.34434591538831594,0.89443751318630527,0.34434591538831594,1.6561859507031622
30,12.703888334995016,0.74346875000000001,0.098787260190118104,0.33659447202086451,0.87071520207123831,0.33659447202086451,1.6042933507007546
31,13.077689243027889,0.74734374999999997,0.092784787374082953,0.32453225125046448,0.83527935746609006,0.32453225125046448,1.5344899294922945
32,13.532467532467532,0.74937500000000001,0.086904720593243834,0.33093421794474126,0.82349947146535851,0.33093421794474126,1.5075239902952453
33,13.084745762711865,0.74562499999999998,0.085965970158344132,0.32510166749171915,0.84754709211178125,0.32510166749171915,1.5167286767789336
34,13.412,0.74540625000000005,0.097161545161507087,0.3206698351157829,0.84230848881090059,0.3206698351157829,1.5310839950166408
35,13.53585657370518,0.74709375,0.094463587805628774,0.31619890647381543,0.8401983814043924,0.31619890647381543,1.5260775417839176
36,13.301,0.76440624999999995,0.080467618601047439,0.31799521344527604,0.76144471048610285,0.31799521344527604,1.3883553520312417
37,13.25249500998004,0.76149999999999995,0.08113828433840535,0.30117201265320181,0.76216844961976316,0.30117201265320181,1.3878046506482424
38,13.546812749003983,0.75837500000000002,0.085721551461610937,0.30982656616158782,0.78605334757803935,0.30982656616158782,1.4283473835855256
39,13.42544731610338,0.76453125,0.084042092205607336,0.30609118142689112,0.77626235104963415,0.30609118142689112,1.4086534774671891
40,13.394211576846308,0.76149999999999995,0.078823564561083914,0.30046371268481015,0.77967031513931584,0.30046371268481015,1.3967271013923164
41,13.487077534791252,0.76765625000000004,0.075115551575436257,0.29814736875891684,0.73499749350012278,0.29814736875891684,1.33531581996358
42,13.66933066933067,0.77359374999999997,0.077843177112110432,0.29516280813515189,0.72791272683534769,0.29516280813515189,1.3179917167371022
43,13.576,0.77021874999999995,0.074569981942535377,0.2959799098353833,0.72540209476125894,0.2959799098353833,1.3056364142149979
44,13.686626746506986,0.77987499999999998,0.079211793412629045,0.29235365779697897,0.69218175479746424,0.29235365779697897,1.2817724309575862
45,13.27988047808765,0.77537500000000004,0.076074461629468709,0.28875272540561853,0.72370278864989812,0.28875272540561853,1.3016867399187031
46,13.638085742771684,0.79574999999999996,0.06868540203367593,0.27441776127181949,0.6458648772417801,0.27441776127181949,1.1970372368378741
47,13.50199203187251,0.79356249999999995,0.067002839602762834,0.27811359008401632,0.65428300021030006,0.27811359008401632,1.1917537561752833
48,13.18,0.79000000000000004,0.072452086000928825,0.28125277582183478,0.65578349371580402,0.28125277582183478,1.2074693311665832
49,14.141,0.78912499999999997,0.074703860205860451,0.28339283845946195,0.66816538884583865,0.28339283845946195,1.2208101793054089
50,13.464071856287426,0.79090625000000003,0.073459057436746661,0.27722457826696334,0.66306886341866111,0.27722457826696334,1.2220235255988903
51,13.142572283150548,0.81053125000000004,0.058562264402629807,0.26337498338520526,0.59724613585732,0.26337498338520526,1.0897231467150412
52,14.162837162837162,0.8066875,0.065802958366577513,0.27191589169763031,0.599829654217232,0.27191589169763031,1.120185799263185
53,13.45808383233533,0.80206250000000001,0.067419398494501362,0.27013836391083895,0.61350261081688218,0.27013836391083895,1.1413328200699762
54,13.617148554336989,0.80462500000000003,0.067050375361643086,0.26545130365435032,0.60687306967674526,0.26545130365435032,1.1257803208580079
55,13.362911266201396,0.80428124999999995,0.06622825233062031,0.26818729657307266,0.60544280092325065,0.26818729657307266,1.1281161960146273
56,13.812375249500999,0.81599999999999995,0.059078633832676135,0.25631985401548446,0.56660922641761136,0.25631985401548446,1.0549143868523425
57,13.615154536390827,0.81850000000000001,0.05902752359352962,0.24993970765359699,0.56512085299624593,0.24993970765359699,1.0460522573728994
58,13.33932135728543,0.81896875000000002,0.061231676401421284,0.25066808327287438,0.55565823334082964,0.25066808327287438,1.0324344823454412
59,13.672654690618762,0.8165,0.062456843862513781,0.2603463733792305,0.56687780682162703,0.2603463733792305,1.0658946728170777
60,13.645708582834331,0.82250000000000001,0.061763643785787282,0.25308743482828139,0.55483747035812125,0.25308743482828139,1.0389817169354647
61,14.606,0.83528124999999998,0.055272392506405595,0.23401301356777549,0.49213014613860284,0.23401301356777549,0.9292734140068496
62,13.741774675972083,0.85434374999999996,0.050445891590090469,0.22251225798483937,0.44227323470668489,0.22251225798483937,0.86152577240167738
63,13.658366533864541,0.85478125000000005,0.045149694825682672,0.22033720949664712,0.43894575145392217,0.22033720949664712,0.84132316371598925
64,13.585,0.85753124999999997,0.048294021189089105,0.21905019598547371,0.42663016154896466,0.21905019598547371,0.83112698665408968
65,14.022954091816366,0.85521875000000003,0.050297717132811157,0.22006389947608113,0.43876935713609416,0.22006389947608113,0.85222825121537049
66,13.968095712861416,0.86018749999999999,0.044498115802911346,0.21553443163167685,0.41785689653642477,0.21553443163167685,0.78387207744768239
67,13.56187624750499,0.85984375000000002,0.044541612745500968,0.20982519039139153,0.40880511299177308,0.20982519039139153,0.76263833221339694
68,13.66067864271457,0.86793750000000003,0.044878518687371978,0.20309887877828442,0.39267929500995274,0.20309887877828442,0.74296750991783234
69,14.423306772908367,0.86196874999999995,0.045304203897831033,0.21035024596378207,0.40960905571065814,0.21035024596378207,0.77257449346471541
70,13.982017982017982,0.85765625000000001,0.04581983606048743,0.21280568030988797,0.4195843546870674,0.21280568030988797,0.78583383386486094
71,13.784646061814556,0.86850000000000005,0.043868888788027104,0.20317805277742446,0.38693077394434661,0.20317805277742446,0.71780867712057073
72,13.863273453093813,0.86771874999999998,0.043170148663723013,0.20766566665377467,0.39142832358354462,0.20766566665377467,0.72176020772430993
73,13.735264735264735,0.86668750000000006,0.04307808980157006,0.20376851910259575,0.39221134689756809,0.20376851910259575,0.72732885211439813
74,14.221556886227544,0.86840625000000005,0.041705618188963851,0.20153282272908837,0.39039378890622173,0.20153282272908837,0.71920306998800509
75,13.84630738522954,0.86381249999999998,0.042201538178604094,0.20095460328599438,0.39256433888664649,0.20095460328599438,0.7211471537337365
76,14.104685942173479,0.86740625000000005,0.042732328334688874,0.20277331566810608,0.38737197464454221,0.20277331566810608,0.70269631159641377
77,13.694305694305694,0.87318750000000001,0.039295888115772871,0.19818123354576528,0.37094236111006834,0.19818123354576528,0.67808649219256134
78,13.43227091633466,0.87565625000000002,0.04258343844812771,0.19769204114191233,0.36786630213917487,0.19769204114191233,0.67902888786592486
79,14.321678321678322,0.86850000000000005,0.041020347643123387,0.19604741689935326,0.37823183950915973,0.19604741689935326,0.68674164514346103
80,13.861,0.87575000000000003,0.041238351675652665,0.19677028578985484,0.36609643364767541,0.19677028578985484,0.67965802629615069
81,13.305084745762711,0.87775000000000003,0.041049051481322749,0.19138317743549124,0.35409386475830013,0.19138317743549124,0.65117870402795908
82,13.671656686626747,0.87250000000000005,0.037639590231861801,0.19314696133695544,0.36863826997880822,0.19314696133695544,0.66230273806785411
83,14.240518962075848,0.88,0.040613709452730178,0.19446175546944142,0.34758642549593421,0.19446175546944142,0.64763150268057945
84,13.953093812375249,0.88196874999999997,0.040373333998257294,0.19305216101184489,0.35160422146191195,0.19305216101184489,0.64667573621451813
85,14.131736526946108,0.87340625000000005,0.037775499752286126,0.19510018607787788,0.36649210782091884,0.19510018607787788,0.66170807760149519
86,13.899,0.88487499999999997,0.036539355689547845,0.18940860751084984,0.33609101001905944,0.18940860751084984,0.61207649757712801
87,13.533932135728543,0.87896874999999997,0.039031360423294248,0.19162109364382923,0.35044295306992723,0.19162109364382923,0.63928759368602195
88,13.900398406374501,0.88,0.03610146814332256,0.18861310320161284,0.34999944708551628,0.18861310320161284,0.63337001025323114
89,14.065934065934066,0.88093750000000004,0.039335813133440638,0.19084048442170023,0.34312644083416399,0.19084048442170023,0.62929945977816426
90,13.965139442231076,0.87862499999999999,0.040296561220240619,0.19087543409317731,0.35335241248556121,0.19087543409317731,0.64358176591379923
91,13.464535464535464,0.88649999999999995,0.038560054273244534,0.18458444843953475,0.32688581663846566,0.18458444843953475,0.60039070402423422
92,14.203,0.88378124999999996,0.036101289007550802,0.18826253081019967,0.33729556045518255,0.18826253081019967,0.61461707033320279
93,13.976023976023976,0.88659374999999996,0.035588947418490759,0.18893291133269668,0.33179493157481377,0.18893291133269668,0.60948740970305271
94,14.093439363817097,0.88456250000000003,0.03799086612151132,0.18720922661665826,0.3372378774747965,0.18720922661665826,0.61478861695811771
95,13.926073926073926,0.88218750000000001,0.03748533655369829,0.19137935326807201,0.34090284507523028,0.19137935326807201,0.62123764222642786
96,14.04995004995005,0.88946875000000003,0.034146108447454478,0.18327494562976063,0.31632507233678575,0.18327494562976063,0.57873753818178442
97,13.858141858141858,0.88815624999999998,0.036530668793174188,0.18345365042076447,0.32820326943129746,0.18345365042076447,0.59473429324152294
98,13.60878243512974,0.88634374999999999,0.035854576127079783,0.18286637213174253,0.3254665710624613,0.18286637213174253,0.59605304495098965
99,14.087824351297405,0.88521875000000005,0.035922781259811021,0.18479141479544342,0.32902882750373103,0.18479141479544342,0.59982970894782928
100,13.96011964107677,0.88856250000000003,0.037217216756238486,0.18180041558109225,0.32185208256173881,0.18180041558109225,0.5872611316548364
101,14.161676646706587,0.88656250000000003,0.035275872387559505,0.18725255673471838,0.32857172160736087,0.18725255673471838,0.59617910678833874
102,13.975,0.89090625000000001,0.035905219679989386,0.17886650466080756,0.31522314817945879,0.17886650466080756,0.57160876286329587
103,13.371628371628372,0.89324999999999999,0.035701598861404248,0.17687489562295378,0.30559112197445815,0.17687489562295378,0.56345019084937209
104,13.738261738261738,0.89071875,0.035683355039240271,0.18018071127776056,0.32132444348321237,0.18018071127776056,0.58406370761513626
105,14.202191235059761,0.89131249999999995,0.035703607360929708,0.18201970706530846,0.3142680944947206,0.18201970706530846,0.57909900614957865
106,13.975124378109452,0.89468749999999997,0.031473542746323802,0.17649062633514404,0.30769297878500945,0.17649062633514404,0.55554187363920937
107,13.826520438683948,0.89434374999999999,0.035734195043303774,0.17574033881910145,0.30953921527598866,0.17574033881910145,0.56373037479683985
108,14.106893106893107,0.88946875000000003,0.033938437588525175,0.17525410037301481,0.31802954854049087,0.17525410037301481,0.56856336854192613
109,13.967,0.8954375,0.032369750304034259,0.17600543713010847,0.30326719199295621,0.17600543713010847,0.55343659679180135
110,13.416583416583416,0.88984375000000004,0.037396705894920161,0.17423707059212029,0.31203511776828236,0.17423707059212029,0.57079445955881236
111,13.655688622754491,0.89400000000000002,0.035448859476993673,0.17775091861654074,0.30240539814819206,0.17775091861654074,0.55531236227350744
112,13.847152847152847,0.89646875000000004,0.031471704488856632,0.17260184407234191,0.29588421525853337,0.17260184407234191,0.54019067137895982
113,14.064870259481038,0.89418750000000002,0.032705281567411475,0.17618563666939735,0.30660400548904726,0.17618563666939735,0.55463821324560647
114,13.316367265469061,0.89681250000000001,0.034467975557534829,0.17218156407680363,0.29376274652020945,0.17218156407680363,0.54015221203936425
115,14.466533466533466,0.89103125000000005,0.033360222287090097,0.17414119588118046,0.30835682347533294,0.17414119588118046,0.55837884295002704
116,14.087,0.90031249999999996,0.031591233319776674,0.17247880148189143,0.2914241656777049,0.17247880148189143,0.53171524815823346
117,13.962075848303392,0.89968749999999997,0.035046630840646686,0.16912722119688989,0.2916478952678026,0.16912722119688989,0.53670018567968691
118,13.396414342629482,0.90103124999999995,0.032791577862335546,0.16836609185952695,0.2854337837648187,0.16836609185952695,0.52225917075940254
119,14.047904191616766,0.89537500000000003,0.033858691693935725,0.17465509255789222,0.29643787860310111,0.17465509255789222,0.54256818903740811
120,14.043956043956044,0.89840624999999996,0.033744894870445248,0.17008547644689678,0.29191050572483801,0.17008547644689678,0.53803013733304872
121,13.489021956087825,0.90175000000000005,0.031562154915095335,0.16442207909066928,0.28106483607740668,0.16442207909066928,0.50871708149737127
122,13.676323676323676,0.90215624999999999,0.031212901480592335,0.17136758013255896,0.28466462254468206,0.17136758013255896,0.52369850089932335
123,14.41958041958042,0.89859374999999997,0.030838342287152046,0.17049169369041919,0.28681621874989732,0.17049169369041919,0.52643215962644618
124,13.776223776223777,0.90253125000000001,0.031213472667373423,0.16822019861079751,0.28118682559992908,0.16822019861079751,0.51717027094153101
125,14.226640159045726,0.89875000000000005,0.033575370230835691,0.17047755740396678,0.29164447486760764,0.17047755740396678,0.53564769522228739
126,14.0938123752495,0.90465625000000005,0.03014489741368493,0.16534191961959005,0.27439320688240698,0.16534191961959005,0.50280397818328981
127,13.697604790419161,0.90521874999999996,0.029969519119156757,0.16325603880360723,0.26942916599994349,0.16325603880360723,0.49576621339823213
128,13.931,0.90059374999999997,0.033162846503191762,0.16855677028186619,0.28442772493488028,0.16855677028186619,0.52266309641749154
129,14.062874251497005,0.90168749999999998,0.031310558231108641,0.16728336564451457,0.27967376582761788,0.16728336564451457,0.51641134777703468
130,13.811377245508982,0.90225,0.030567937371175503,0.16481360637652687,0.27661449596753662,0.16481360637652687,0.50630774400642253
131,13.471057884231536,0.90615625,0.031531675076985267,0.16105170089006424,0.26616645298102998,0.16105170089006424,0.49390203160786628
132,14.47305389221557,0.90125,0.030655668657105308,0.16584056060295552,0.2772690993538563,0.16584056060295552,0.50869145326898391
133,13.651348651348652,0.9034375,0.028366571088241015,0.15765297324396671,0.27524259438533044,0.15765297324396671,0.49116391550379151
134,13.764940239043824,0.90568749999999998,0.02934252843185459,0.16214379642298446,0.27011161183032345,0.16214379642298446,0.49355870547444836
135,13.871128871128871,0.90537500000000004,0.031734138392726888,0.16442290877364577,0.26758759870524973,0.16442290877364577,0.49893486858634439
136,13.81437125748503,0.91062500000000002,0.02903033284713092,0.16068517234129831,0.25748065300114015,0.16068517234129831,0.47773727939099175
137,14.085572139303483,0.90603124999999995,0.0302553881712322,0.16280948703736067,0.26474222544435361,0.16280948703736067,0.49230076334603312
138,13.983050847457626,0.90449999999999997,0.028535463957588946,0.15860313198063522,0.27052905724298759,0.15860313198063522,0.4883677018021626
139,13.675324675324676,0.90584374999999995,0.030615303161823249,0.16109416677244007,0.26188946830745419,0.16109416677244007,0.48441835471854588
140,14.223776223776223,0.90503124999999995,0.032020161968473647,0.16174161292333156,0.27420810496820558,0.16174161292333156,0.50208373974449527
141,13.858424725822532,0.91174999999999995,0.028666381129638468,0.15769642139039933,0.25442086144205311,0.15769642139039933,0.47550382146179249
142,14.131736526946108,0.90593749999999995,0.027315761207886681,0.15997192174475641,0.26468896353656601,0.15997192174475641,0.47968289922187257
143,13.511488511488512,0.90740624999999997,0.027901757597587902,0.1597293128585443,0.25965605334061548,0.1597293128585443,0.47665161386801563
144,14.048902195608783,0.90459374999999997,0.030497468066172245,0.15852865377813577,0.26746396265445627,0.15852865377813577,0.48790427156104865
145,14.001996007984031,0.90731249999999997,0.030346868901236577,0.16022812618222088,0.26575366865501199,0.16022812618222088,0.48742081072561583
146,13.854291417165669,0.9090625,0.028766105637958617,0.15729252595547585,0.25220909318289886,0.15729252595547585,0.46589059258690235
147,14.371628371628372,0.90874999999999995,0.029711757801072963,0.15564586749859155,0.26000515217258724,0.15564586749859155,0.4751539404854957
148,14.282868525896415,0.91453125000000002,0.026985730293927417,0.15546569849830122,0.24781982242227604,0.15546569849830122,0.45872347359877702
149,13.582417582417582,0.91100000000000003,0.027967859504202351,0.15504973035305739,0.25493211653141407,0.15504973035305739,0.46812640880501566
150,13.756487025948104,0.90806249999999999,0.027819581987406878,0.15890415569115429,0.26635581950772347,0.15890415569115429,0.4858796477981096
151,14.073778664007977,0.90846875000000005,0.025604893308911414,0.15486496438848554,0.25260429909847881,0.15486496438848554,0.45952597884972057
152,13.967065868263473,0.91056250000000005,0.02881169032017351,0.153606791599188,0.24647392929178796,0.153606791599188,0.46209669023286781
153,13.855144855144855,0.90859374999999998,0.027835658177085634,0.15420391485892468,0.2554890790474097,0.15420391485892468,0.46445732691916086
154,14.005,0.91021874999999997,0.027070121051884711,0.1538610948715359,0.25247891305330084,0.1538610948715359,0.46251598932696747
155,13.746506986027944,0.91043750000000001,0.028838999785657505,0.15383096133871005,0.25411829655642942,0.15383096133871005,0.46405715264632458
156,14.422155688622755,0.91243750000000001,0.027759438330462727,0.15294219082035124,0.24682632425625639,0.15294219082035124,0.45228608907626566
157,13.785429141716566,0.91187499999999999,0.027116583222252303,0.15249236620683224,0.24607814464134573,0.15249236620683224,0.45405801327202611
158,13.870517928286853,0.91534375000000001,0.025349808075985494,0.14900459614023567,0.24514211868992425,0.14900459614023567,0.44658294312450386
159,13.729,0.91078124999999999,0.027787024090990597,0.15087303033750504,0.24655685241658692,0.15087303033750504,0.45160347243401017
160,13.83016983016983,0.91203124999999996,0.028683723649669559,0.15685977032966911,0.25059100394955747,0.15685977032966911,0.46787508530050503
161,13.976071784646061,0.91378124999999999,0.028120078595427912,0.15179089008830488,0.24563992079141098,0.15179089008830488,0.45347435844115169
162,13.714285714285714,0.91521874999999997,0.027508565780901335,0.15038254927564412,0.23950929984232061,0.15038254927564412,0.44391424972632199
163,14.123876123876125,0.91581250000000003,0.025810241619983229,0.15262489429116249,0.24113582110017709,0.15262489429116249,0.4484457057225133
164,13.952143569292124,0.9180625,0.026257129524115953,0.14689620916126295,0.23311221499159041,0.14689620916126295,0.43268584289209178
165,13.917165668662674,0.91268749999999998,0.024973043226200618,0.15294546938780695,0.24392057388758986,0.15294546938780695,0.44583917500644771
166,14.014955134596212,0.91540624999999998,0.025638838117578416,0.14875683593249414,0.24033240523470886,0.14875683593249414,0.44109167319565312
167,13.93419740777667,0.91540624999999998,0.026518475107629627,0.14541496209055185,0.2386867037794127,0.14541496209055185,0.43648080409368883
168,14.472,0.91637500000000005,0.026037712133116658,0.15159953366219997,0.23751574703231507,0.15159953366219997,0.44077972725460074
169,13.60179640718563,0.91690625000000003,0.025812791899353784,0.14517961000557988,0.2347391601536665,0.14517961000557988,0.43046134435976147
170,13.854291417165669,0.9170625,0.026221121207578107,0.14919463676679878,0.23004587452505529,0.14919463676679878,0.43181554282826706
171,13.886113886113886,0.91725000000000001,0.025624985985126841,0.14583061737660319,0.23089153464496848,0.14583061737660319,0.42616150754399862
172,13.936063936063936,0.91643750000000002,0.02454751079998482,0.14546151904854923,0.23394421508526103,0.14546151904854923,0.42976145532969734
173,13.969123505976096,0.91846874999999994,0.025217988337155019,0.14368644596170635,0.22972687348014006,0.14368644596170635,0.42256159032373897
174,13.991026919242273,0.91703124999999996,0.024979334162020677,0.14609755396051333,0.23532236142283272,0.14609755396051333,0.4320459498202936
175,13.867265469061877,0.91878124999999999,0.026124048379631858,0.14669481277186425,0.23320478382397414,0.14669481277186425,0.43160267569777716
176,13.723276723276724,0.92149999999999999,0.023598744249538867,0.13964518735301681,0.22111884146432567,0.13964518735301681,0.40813228514287037
177,13.645418326693227,0.91768749999999999,0.025058467383840651,0.14204743490647526,0.22687351504361947,0.14204743490647526,0.41493748562668342
178,13.943,0.92168749999999999,0.024056684749491977,0.14296089700737502,0.21896447026744068,0.14296089700737502,0.4100099764978361
179,13.883349950149551,0.91821874999999997,0.027026462278582131,0.1419335155216977,0.23096579661332362,0.1419335155216977,0.42663999071539593
180,14.725822532402791,0.91290625000000003,0.025634399373524276,0.15026042045699434,0.24748186295435334,0.15026042045699434,0.44814493571447905
181,13.98207171314741,0.92309375000000005,0.023914644073470697,0.14327599279209971,0.22188190601072166,0.14327599279209971,0.41393272088378896
182,14.3419740777667,0.92021874999999997,0.022577954420550668,0.14049480977701023,0.22684548709336377,0.14049480977701023,0.41254393599247852
183,13.977091633466136,0.92096875,0.023656793511920113,0.14013040976971389,0.22417962356534143,0.14013040976971389,0.41429753462214236
184,13.655,0.92109375000000004,0.024560288051460419,0.13842302635777742,0.22338773540996773,0.13842302635777742,0.40871045292602931
185,14.073,0.92231249999999998,0.026081189964460464,0.14258207247685642,0.2176862000420807,0.14258207247685642,0.40723269021307629
186,14.137862137862138,0.92243750000000002,0.024529731359041761,0.14059236346720719,0.22318236256918317,0.14059236346720719,0.41078751960500814
187,13.917165668662674,0.92006250000000001,0.023627142004393819,0.13970055719651281,0.22249019693364835,0.13970055719651281,0.40881871215913296
188,13.946107784431138,0.92353125000000003,0.02260353240826956,0.13861493171518668,0.21756492515016418,0.13861493171518668,0.40105468079722473
189,13.903290129611166,0.92259374999999999,0.022651974542965036,0.14063635879592037,0.21905185842078936,0.14063635879592037,0.40563087817758425
190,13.889332003988036,0.92274999999999996,0.025174974529965765,0.1390766945583746,0.21416250847443188,0.1390766945583746,0.40054281261773572
191,13.704885343968096,0.92443750000000002,0.0237794319910372,0.13618359045498074,0.216860662610487,0.13618359045498074,0.39897526304128816
192,13.74129353233831,0.92631249999999998,0.02376238738817301,0.13875644648447633,0.20838272181026696,0.13875644648447633,0.39165350853829656
193,13.906093906093906,0.92384374999999996,0.021559615179747596,0.13602373892627656,0.21750466724187364,0.13602373892627656,0.39818263701282752
194,13.909090909090908,0.92190625000000004,0.022572184144841231,0.13657229120656847,0.21869193743192908,0.13657229120656847,0.39663727291828166
195,14.603,0.91703124999999996,0.023725456786832525,0.14355750680342316,0.2301189464613044,0.14355750680342316,0.42231973977296944
196,14.114770459081836,0.92209375000000005,0.022687644073350954,0.1371272555133328,0.21623500158662864,0.1371272555133328,0.39493940180982523
197,13.886227544910179,0.92381250000000004,0.023150750248094255,0.13714473608741537,0.21518142319196612,0.13714473608741537,0.39432680669422615
198,13.893106893106893,0.92303124999999997,0.022345433194508473,0.1385716286851093,0.2176136399250754,0.1385716286851093,0.40093235135129895
199,14.024925224327019,0.92765624999999996,0.022494389088529715,0.13551255050394684,0.20753887638367086,0.13551255050394684,0.38794333828263916
200,13.889221556886227,0.92471875000000003,0.02332369820324311,0.13582520724926145,0.21221798615533191,0.13582520724926145,0.39562410619067817
201,14.07,0.92937499999999995,0.021681154497102881,0.13478340055793525,0.19792334340674553,0.13478340055793525,0.37124927822607745
202,13.910269192422732,0.92603124999999997,0.022002408999117051,0.13624596589547583,0.2085629272101053,0.13624596589547583,0.38901909376455551
203,13.672981056829512,0.92737499999999995,0.022061892535086371,0.13401480619609357,0.20739757852918048,0.13401480619609357,0.38183672665505952
204,14.046906187624751,0.92312499999999997,0.022536468560232607,0.13537482137000187,0.21246881308818411,0.13537482137000187,0.39141868322414297
205,14.25748502994012,0.92446874999999995,0.022484975725382925,0.13588820852246136,0.21562745320124121,0.13588820852246136,0.3992787157113577
206,14.071856287425149,0.92943750000000003,0.019027040887509429,0.12953617405996193,0.1975655984432706,0.12953617405996193,0.36227409845855257
207,14.305084745762711,0.92703124999999997,0.021462629288714653,0.13475788108166306,0.20557512255409027,0.13475788108166306,0.38152846968682386
208,13.480039920159681,0.92931249999999999,0.021006536859150913,0.13517335208412259,0.20138470822426824,0.13517335208412259,0.37750993396552579
209,13.941058941058941,0.92709375000000005,0.024678826356508296,0.13290676068793983,0.20565319076299785,0.13290676068793983,0.38297890771081594
210,14.132734530938123,0.92425000000000002,0.023335460570777344,0.13454482236877083,0.21238775759789133,0.13454482236877083,0.39579235762316789
211,14.184630738522953,0.92759374999999999,0.021925416327552311,0.13610937352385372,0.20526723834602945,0.13610937352385372,0.38213489458521921
212,14.437686939182452,0.92749999999999999,0.020186080225110346,0.13115963991498575,0.20572122558453726,0.13115963991498575,0.37834925212938131
213,13.778443113772456,0.92953125000000003,0.021572012822834039,0.13008711392525585,0.19946887544626951,0.13008711392525585,0.37123426270687104
214,13.830339321357286,0.93021874999999998,0.021991758001291259,0.13057085390947759,0.19844078658521611,0.13057085390947759,0.37161033109014935
215,13.531468531468532,0.92562500000000003,0.021060069833829517,0.12927456565212925,0.20584797442392666,0.12927456565212925,0.37390236389508402
216,14.25748502994012,0.92965624999999996,0.020730499905760098,0.12658726207609289,0.20079218368150761,0.12658726207609289,0.36930558443809469
217,13.554890219560878,0.92996875000000001,0.022291008014492946,0.12855985775683076,0.19408570883551382,0.12855985775683076,0.36185705811386432
218,13.943227091633466,0.92981250000000004,0.018779778506794912,0.12757610027375632,0.19846690253641827,0.12757610027375632,0.36188778111120778
219,14.013972055888223,0.92918750000000006,0.02144737883699372,0.13170417003892362,0.2013047560355426,0.13170417003892362,0.37390442160798698
220,14.439121756487026,0.92900000000000005,0.021107942895827094,0.13189742732141166,0.2017598559231028,0.13189742732141166,0.37520257448429006
221,14.163672654690618,0.93043750000000003,0.018593294791965236,0.1294368874677457,0.19603543294221526,0.1294368874677457,0.36154875085408705
222,14.069721115537849,0.92896875000000001,0.020630848650780534,0.12996748072747141,0.20027082957371023,0.12996748072747141,0.36855235046430973
223,13.736263736263735,0.93190625000000005,0.018926120391813767,0.12777889296133071,0.19193607446409988,0.12777889296133071,0.35833913978764553
224,14.326693227091633,0.92828124999999995,0.020754458719482956,0.1325332976274658,0.19815349272513952,0.1325332976274658,0.36998592031326594
225,13.506493506493506,0.9326875,0.022329122939940362,0.12477072389377281,0.19160251557209199,0.12477072389377281,0.35713014500983942
226,14.328,0.93062500000000004,0.020096796706795431,0.12773580514034255,0.19474873987231148,0.12773580514034255,0.35909542100628278
227,14.263736263736265,0.92946874999999995,0.020572378588324228,0.12799147937679664,0.19885703123153689,0.12799147937679664,0.36931492302074409
228,13.830339321357286,0.93231249999999999,0.018740733437358843,0.12357874017115682,0.19087511407231067,0.12357874017115682,0.35032156927473307
229,13.260956175298805,0.93456249999999996,0.019365443285642898,0.12394089437741786,0.18613391205138213,0.12394089437741786,0.34610802363535459
230,14.188811188811188,0.93237499999999995,0.020559519191449965,0.12777633852604778,0.19283294484199723,0.12777633852604778,0.35878982699546313
231,14.103896103896103,0.93312499999999998,0.019176612885904262,0.12364371948176994,0.19218686353182057,0.12364371948176994,0.35113477215385941
232,14.083832335329342,0.93290625000000005,0.019535527666474196,0.12918183491937815,0.18984738226876477,0.12918183491937815,0.35609621671060648
233,14.048902195608783,0.93134375000000003,0.018217979811227906,0.12601727777905763,0.19489038837439057,0.12601727777905763,0.3543213617445804
234,13.735059760956176,0.93637499999999996,0.019430881613338103,0.12554090800415724,0.18145246241591564,0.12554090800415724,0.34635774790060986
235,13.94905094905095,0.9296875,0.020122081961553163,0.12800577978370711,0.1960434806224057,0.12800577978370711,0.36325667474905954
236,13.993027888446216,0.93365624999999997,0.018286489842611445,0.12339659998100251,0.18487137291074304,0.12339659998100251,0.34182793843925358
237,14.117882117882118,0.93406250000000002,0.018977625580001514,0.12534288493311033,0.1864045891517481,0.12534288493311033,0.34936441284538339
238,13.518962075848304,0.93353125000000003,0.018228861687712764,0.12128307645209134,0.18717149409318609,0.12128307645209134,0.34286393813628241
239,14.50998003992016,0.93393749999999998,0.019213845855167534,0.12415577819477766,0.18649291550895372,0.12415577819477766,0.34851787533562872
240,13.63036963036963,0.93409374999999994,0.019876882527008092,0.12428038796596229,0.18767705066340751,0.12428038796596229,0.34844148068804592
241,13.784431137724551,0.93740625,0.01868673415198225,0.11986653560213745,0.17953040889543348,0.11986653560213745,0.33285266507846634
242,13.859281437125748,0.93156249999999996,0.018897207966638418,0.12087481933785603,0.18871236371621308,0.12087481933785603,0.34651945085963437
243,13.769461077844312,0.93690625000000005,0.018994957786169976,0.12190545379649848,0.18175946705629575,0.12190545379649848,0.34080560161989537
244,14.427716849451645,0.93284374999999997,0.018741804177632729,0.12310866187652574,0.18897421195501646,0.12310866187652574,0.34815492450938018
245,13.97305389221557,0.93293749999999998,0.017107363714987514,0.12136971872393042,0.18734651063141883,0.12136971872393042,0.34061363859503674
246,13.727816550348953,0.93837499999999996,0.017494037685661965,0.11873465403728187,0.17148837941424336,0.11873465403728187,0.32132407127972684
247,14.613772455089821,0.93181250000000004,0.018786031181442071,0.12426049062237143,0.19220143987650881,0.12426049062237143,0.35238952998709761
248,14.16983016983017,0.93425000000000002,0.018610757847874568,0.12536860545258968,0.1854946625849643,0.12536860545258968,0.34810544750868899
249,13.966101694915254,0.93562500000000004,0.01737324696712949,0.12106473897863179,0.18255393624752025,0.12106473897863179,0.33505115759444026
250,13.442115768463074,0.93543750000000003,0.018733165331033915,0.12174032837152481,0.17638512756429556,0.12174032837152481,0.3344688701527212
